<?xml version="1.0" encoding="UTF-8"?>
<project-private xmlns="http://www.netbeans.org/ns/project-private/1">
    <editor-bookmarks xmlns="http://www.netbeans.org/ns/editor-bookmarks/2" lastBookmarkId="0"/>
    <open-files xmlns="http://www.netbeans.org/ns/projectui-open-files/2">
        <group>
            <file>file:/D:/A%20Github%20things/premiumrepo/Work/Java/Assignment/src/assignment/StudentOperations.java</file>
            <file>file:/D:/A%20Github%20things/premiumrepo/Work/Java/Assignment/src/assignment/Assignment.java</file>
            <file>file:/D:/A%20Github%20things/premiumrepo/Work/Java/Assignment/src/assignment/Student.java</file>
            <file>file:/D:/A%20Github%20things/premiumrepo/Work/Java/Assignment/src/assignment/Vali.java</file>
        </group>
    </open-files>
</project-private>
